{"7": [0.48658170211435536, 0.28235587063510664, 0.19898565138162358, 0.19778143809292253, 0.3136541654748348, 0.4422115009766693, 0.7606464698085185, 0.16997944509553742, 0.4882735388070492, 0.18027346193475655], "1": [0.11817578264644298, 0.2517595033346297, 0.6741148364125281, 0.2996114743667844, 0.26082902991364315, 0.3388149749777677, 0.33817044621480413, 0.2649886043530588, 0.43126645613918146, 0.29049387749248645], "8": [0.12326764598675037, 0.13234849710768534, 0.1975272762768492, 0.34644626024438335, 0.20000065175452317, 0.1929028552477584, 0.13624525258563383, 0.31889992905390424, 0.29354076344714125, 0.43521349010115223], "4": [0.49726258185969197, 0.12099655964494704, 0.37200081790208117, 0.2653970656759029, 0.11683488248146463, 0.21061953326316554, 0.3065162569912205, 0.12939837620983613, 0.1548481346684219, 0.24085337678029278], "5": [0.38176139928260616, 0.5852044244798623, 0.26763716470254456, 0.7475031908281111, 0.3312303694033233, 0.44580751972453436, 0.3289236941024129, 0.4990706075989591, 0.3156961513745351, 0.5151803140449782], "3": [0.23051393121659627, 0.3700690251642099, 0.2215598913175633, 0.18067362794618294, 0.5977182618664714, 0.10578194040560444, 0.293676871990125, 0.19589365270808645, 0.21363790798454044, 0.15576798515737356], "2": [0.3555277246215432, 0.15682582395296807, 0.11323945110218475, 0.16481065007009604, 0.232187209955946, 0.38839907717361805, 0.08476481960644593, 0.1225676799236422, 0.13718220660900854, 0.309786994965822], "6": [0.1384291987326869, 0.39463907700484774, 0.6321892051757764, 0.428686223964176, 0.15100649504896738, 0.12321153236553216, 0.2279234406596305, 0.41890241414088414, 0.15485921677067374, 0.16913478556553843]}