{
  "1": [
    0.6741148364125281,
    0.3386538427870268,
    0.29505267592963547,
    0.26186892352349705,
    0.11817578264644298
  ],
  "2": [
    0.38839907717361805,
    0.290387048713353,
    0.16081823701153206,
    0.1262213115949838,
    0.08476481960644593
  ],
  "3": [
    0.5977182618664714,
    0.2778861367967428,
    0.21759889965105186,
    0.18447863413665883,
    0.10578194040560444
  ],
  "4": [
    0.49726258185969197,
    0.29623645916239105,
    0.22573645502172918,
    0.13576081582448257,
    0.11683488248146463
  ],
  "5": [
    0.7475031908281111,
    0.5111528874334734,
    0.41378445950357023,
    0.3295003629276405,
    0.26763716470254456
  ],
  "6": [
    0.6321892051757764,
    0.41283657985687505,
    0.19852911311258448,
    0.15196967547939397,
    0.12321153236553216
  ],
  "7": [
    0.7606464698085185,
    0.47548915182993384,
    0.2980050180549707,
    0.1980824914150978,
    0.16997944509553742
  ],
  "8": [
    0.43521349010115223,
    0.31256013765221347,
    0.1987639640156862,
    0.15040965325116498,
    0.12326764598675037
  ]
}