{"6": [0.1384291987326869, 0.1384291987326869, 0.1384291987326869, 0.1384291987326869, 0.1384291987326869], "3": [0.23051393121659627, 0.23051393121659627, 0.23051393121659627, 0.23051393121659627, 0.23051393121659627], "2": [0.3555277246215432, 0.3555277246215432, 0.3555277246215432, 0.3555277246215432, 0.3555277246215432], "4": [0.49726258185969197, 0.49726258185969197, 0.49726258185969197, 0.49726258185969197, 0.49726258185969197], "1": [0.11817578264644298, 0.11817578264644298, 0.11817578264644298, 0.11817578264644298, 0.11817578264644298], "5": [0.38176139928260616, 0.38176139928260616, 0.38176139928260616, 0.38176139928260616, 0.38176139928260616], "7": [0.48658170211435536, 0.48658170211435536, 0.48658170211435536, 0.48658170211435536, 0.48658170211435536], "8": [0.12326764598675037, 0.12326764598675037, 0.12326764598675037, 0.12326764598675037, 0.12326764598675037]}