{"recombination_of_districts-1": {"4": 0.12099655964494704, "3": 0.3700690251642099, "2": 0.15682582395296807, "6": 0.39463907700484774, "7": 0.28235587063510664, "5": 0.5852044244798623, "1": 0.2517595033346297, "8": 0.13234849710768534}}{"recombination_of_districts-1": {"4": 0.12099655964494704, "3": 0.3700690251642099, "2": 0.15682582395296807, "6": 0.39463907700484774, "7": 0.28235587063510664, "5": 0.5852044244798623, "1": 0.2517595033346297, "8": 0.13234849710768534}}{"recombination_of_districts-1": {"4": 0.12099655964494704, "3": 0.3700690251642099, "2": 0.15682582395296807, "6": 0.39463907700484774, "7": 0.28235587063510664, "5": 0.5852044244798623, "1": 0.2517595033346297, "8": 0.13234849710768534}}{"recombination_of_districts-1": {"4": 0.12099655964494704, "3": 0.3700690251642099, "2": 0.15682582395296807, "6": 0.39463907700484774, "7": 0.28235587063510664, "5": 0.5852044244798623, "1": 0.2517595033346297, "8": 0.13234849710768534}}{"recombination_of_districts-1": {"4": 0.12099655964494704, "3": 0.3700690251642099, "2": 0.15682582395296807, "6": 0.39463907700484774, "7": 0.28235587063510664, "5": 0.5852044244798623, "1": 0.2517595033346297, "8": 0.13234849710768534}}{"recombination_of_districts-1": {"4": 0.12099655964494704, "3": 0.3700690251642099, "2": 0.15682582395296807, "6": 0.39463907700484774, "7": 0.28235587063510664, "5": 0.5852044244798623, "1": 0.2517595033346297, "8": 0.13234849710768534}}{"recombination_of_districts-1": {"4": 0.12099655964494704, "3": 0.3700690251642099, "2": 0.15682582395296807, "6": 0.39463907700484774, "7": 0.28235587063510664, "5": 0.5852044244798623, "1": 0.2517595033346297, "8": 0.13234849710768534}}{"original": {"6": 0.1384291987326869, "3": 0.23051393121659627, "2": 0.3555277246215432, "4": 0.49726258185969197, "1": 0.11817578264644298, "5": 0.38176139928260616, "7": 0.48658170211435536, "8": 0.12326764598675037}}{"original": {"6": 0.1384291987326869, "3": 0.23051393121659627, "2": 0.3555277246215432, "4": 0.49726258185969197, "1": 0.11817578264644298, "5": 0.38176139928260616, "7": 0.48658170211435536, "8": 0.12326764598675037}}{"original": {"6": 0.1384291987326869, "3": 0.23051393121659627, "2": 0.3555277246215432, "4": 0.49726258185969197, "1": 0.11817578264644298, "5": 0.38176139928260616, "7": 0.48658170211435536, "8": 0.12326764598675037}}{"original": {"6": 0.1384291987326869, "3": 0.23051393121659627, "2": 0.3555277246215432, "4": 0.49726258185969197, "1": 0.11817578264644298, "5": 0.38176139928260616, "7": 0.48658170211435536, "8": 0.12326764598675037}}