{"recombination_of_districts-1": {"4": 0.12099655964494704, "3": 0.3700690251642099, "2": 0.15682582395296807, "6": 0.39463907700484774, "7": 0.28235587063510664, "5": 0.5852044244798623, "1": 0.2517595033346297, "8": 0.13234849710768534}}{"recombination_of_districts-2": {"2": 0.11323945110218475, "3": 0.2215598913175633, "4": 0.37200081790208117, "6": 0.6321892051757764, "8": 0.1975272762768492, "5": 0.26763716470254456, "1": 0.6741148364125281, "7": 0.19898565138162358}}{"recombination_of_districts-3": {"2": 0.16481065007009604, "8": 0.34644626024438335, "7": 0.19778143809292253, "4": 0.2653970656759029, "5": 0.7475031908281111, "6": 0.428686223964176, "1": 0.2996114743667844, "3": 0.18067362794618294}}{"recombination_of_districts-4": {"4": 0.11683488248146463, "5": 0.3312303694033233, "7": 0.3136541654748348, "8": 0.20000065175452317, "6": 0.15100649504896738, "3": 0.5977182618664714, "1": 0.26082902991364315, "2": 0.232187209955946}}{"recombination_of_districts-5": {"3": 0.10578194040560444, "1": 0.3388149749777677, "4": 0.21061953326316554, "7": 0.4422115009766693, "5": 0.44580751972453436, "8": 0.1929028552477584, "6": 0.12321153236553216, "2": 0.38839907717361805}}{"recombination_of_districts-6": {"2": 0.08476481960644593, "6": 0.2279234406596305, "1": 0.33817044621480413, "5": 0.3289236941024129, "4": 0.3065162569912205, "8": 0.13624525258563383, "7": 0.7606464698085185, "3": 0.293676871990125}}{"recombination_of_districts-7": {"4": 0.12939837620983613, "1": 0.2649886043530588, "6": 0.41890241414088414, "8": 0.31889992905390424, "7": 0.16997944509553742, "5": 0.4990706075989591, "3": 0.19589365270808645, "2": 0.1225676799236422}}{"recombination_of_districts-8": {"3": 0.21363790798454044, "5": 0.3156961513745351, "8": 0.29354076344714125, "1": 0.43126645613918146, "6": 0.15485921677067374, "7": 0.4882735388070492, "2": 0.13718220660900854, "4": 0.1548481346684219}}{"recombination_of_districts-9": {"7": 0.18027346193475655, "1": 0.29049387749248645, "8": 0.43521349010115223, "4": 0.24085337678029278, "5": 0.5151803140449782, "3": 0.15576798515737356, "2": 0.309786994965822, "6": 0.16913478556553843}}{"original": {"6": 0.1384291987326869, "3": 0.23051393121659627, "2": 0.3555277246215432, "4": 0.49726258185969197, "1": 0.11817578264644298, "5": 0.38176139928260616, "7": 0.48658170211435536, "8": 0.12326764598675037}}{"recombination_of_districts-1": {"4": 0.12099655964494704, "3": 0.3700690251642099, "2": 0.15682582395296807, "6": 0.39463907700484774, "7": 0.28235587063510664, "5": 0.5852044244798623, "1": 0.2517595033346297, "8": 0.13234849710768534}}{"recombination_of_districts-10": {"6": 0.10083541629310215, "7": 0.34150693389105896, "3": 0.23201048063878044, "5": 0.5439371254431449, "1": 0.3793190365687765, "2": 0.5946462209007372, "4": 0.15282877161044361, "8": 0.19929474641174688}}{"recombination_of_districts-100": {"7": 0.09238515716336054, "6": 0.432178461418405, "8": 0.2482100293388946, "1": 0.43365580808378645, "2": 0.1513534184373245, "5": 0.5239287156827945, "3": 0.14822593060578335, "4": 0.10093721946256508}}{"recombination_of_districts-101": {"7": 0.12233100999110796, "4": 0.3238977563383983, "5": 0.42612389220210567, "6": 0.22767446120031748, "8": 0.41836511754180405, "2": 0.20570663617284246, "1": 0.27982135523142826, "3": 0.43894375254686224}}{"recombination_of_districts-102": {"4": 0.15261078106026302, "2": 0.15793158081809686, "8": 0.3985246756023573, "3": 0.445212836056932, "5": 0.599234585670643, "7": 0.20739485371445, "1": 0.4909032024878417, "6": 0.13707568787089747}}{"recombination_of_districts-103": {"1": 0.0853231588720444, "8": 0.3026770269899234, "7": 0.33813875396120385, "6": 0.22159406978098034, "2": 0.2792002047073717, "5": 0.3282665304045513, "3": 0.5092936949482078, "4": 0.1656193992075832}}{"recombination_of_districts-104": {"4": 0.09894449504841005, "3": 0.19921143568178581, "1": 0.423098057702289, "6": 0.6402243192841489, "8": 0.2747118807539391, "7": 0.20492821404594383, "5": 0.1138198926790329, "2": 0.1895853290421287}}{"recombination_of_districts-105": {"4": 0.15006809817728708, "1": 0.374985622652426, "2": 0.3860336422408317, "5": 0.3898161634048288, "3": 0.4391573854991176, "6": 0.40922195198066147, "7": 0.18744886622975102, "8": 0.21063627525116127}}{"recombination_of_districts-106": {"6": 0.10272892175127567, "3": 0.20759751506593985, "1": 0.42296950906916, "8": 0.43003362653239285, "2": 0.2881677192881497, "5": 0.09324807614370798, "4": 0.18090960134755754, "7": 0.17286373393995708}}{"recombination_of_districts-107": {"5": 0.10098629819591158, "4": 0.24968303806946784, "8": 0.41291044017485007, "6": 0.2973823171649533, "1": 0.4777887739785904, "7": 0.1719602009607281, "2": 0.19914480721108835, "3": 0.14714013126889433}}{"recombination_of_districts-108": {"2": 0.0916719974351533, "7": 0.22784899052292676, "6": 0.5895314388447804, "1": 0.2943417288160919, "3": 0.532868268821081, "5": 0.3194799329712513, "4": 0.16366635855925385, "8": 0.1464999913028857}}{"recombination_of_districts-109": {"4": 0.11130118493751323, "7": 0.22296429208850888, "1": 0.4128666521509223, "8": 0.419732641476452, "2": 0.569014324183241, "5": 0.1579440380610976, "3": 0.43088837097338933, "6": 0.17548704336606555}}{"recombination_of_districts-11": {"4": 0.12951191764271383, "5": 0.30516410812755407, "3": 0.22019728419338888, "1": 0.42690556229025706, "8": 0.2004561223322786, "6": 0.37077711158973164, "7": 0.4587440847003715, "2": 0.09516273941274962}}{"recombination_of_districts-110": {"1": 0.13098532603582355, "6": 0.3157558918626523, "5": 0.293309313917639, "3": 0.40379948270939353, "7": 0.16372475945250034, "8": 0.5265747456231237, "2": 0.42763323965467914, "4": 0.2918897722339189}}{"recombination_of_districts-111": {"8": 0.18433393818546495, "1": 0.231661665713773, "6": 0.14593057579838753, "7": 0.5639987730740027, "5": 0.24864133616504636, "3": 0.2974048729419585, "2": 0.4974767519056411, "4": 0.149532962037592}}{"recombination_of_districts-112": {"5": 0.09643304156534858, "8": 0.31975534439294057, "7": 0.37917724678838505, "4": 0.5641732367298918, "2": 0.2044235218379705, "3": 0.1808513723159009, "6": 0.28858692940883013, "1": 0.2118549661702711}}