{
  "original": {
    "1": 0.11817578264644298,
    "2": 0.3555277246215432,
    "3": 0.23051393121659627,
    "4": 0.49726258185969197,
    "5": 0.38176139928260616,
    "6": 0.1384291987326869,
    "7": 0.48658170211435536,
    "8": 0.12326764598675037
  },
  "recombination_of_districts-1": {
    "1": 0.2517595033346297,
    "2": 0.15682582395296807,
    "3": 0.3700690251642099,
    "4": 0.12099655964494704,
    "5": 0.5852044244798623,
    "6": 0.39463907700484774,
    "7": 0.28235587063510664,
    "8": 0.13234849710768534
  },
  "recombination_of_districts-2": {
    "1": 0.6741148364125281,
    "2": 0.11323945110218475,
    "3": 0.2215598913175633,
    "4": 0.37200081790208117,
    "5": 0.26763716470254456,
    "6": 0.6321892051757764,
    "7": 0.19898565138162358,
    "8": 0.1975272762768492
  },
  "recombination_of_districts-3": {
    "1": 0.2996114743667844,
    "2": 0.16481065007009604,
    "3": 0.18067362794618294,
    "4": 0.2653970656759029,
    "5": 0.7475031908281111,
    "6": 0.428686223964176,
    "7": 0.19778143809292253,
    "8": 0.34644626024438335
  },
  "recombination_of_districts-4": {
    "1": 0.26082902991364315,
    "2": 0.232187209955946,
    "3": 0.5977182618664714,
    "4": 0.11683488248146463,
    "5": 0.3312303694033233,
    "6": 0.15100649504896738,
    "7": 0.3136541654748348,
    "8": 0.20000065175452317
  },
  "recombination_of_districts-5": {
    "1": 0.3388149749777677,
    "2": 0.38839907717361805,
    "3": 0.10578194040560444,
    "4": 0.21061953326316554,
    "5": 0.44580751972453436,
    "6": 0.12321153236553216,
    "7": 0.4422115009766693,
    "8": 0.1929028552477584
  },
  "recombination_of_districts-6": {
    "1": 0.33817044621480413,
    "2": 0.08476481960644593,
    "3": 0.293676871990125,
    "4": 0.3065162569912205,
    "5": 0.3289236941024129,
    "6": 0.2279234406596305,
    "7": 0.7606464698085185,
    "8": 0.13624525258563383
  },
  "recombination_of_districts-7": {
    "1": 0.2649886043530588,
    "2": 0.1225676799236422,
    "3": 0.19589365270808645,
    "4": 0.12939837620983613,
    "5": 0.4990706075989591,
    "6": 0.41890241414088414,
    "7": 0.16997944509553742,
    "8": 0.31889992905390424
  },
  "recombination_of_districts-8": {
    "1": 0.43126645613918146,
    "2": 0.13718220660900854,
    "3": 0.21363790798454044,
    "4": 0.1548481346684219,
    "5": 0.3156961513745351,
    "6": 0.15485921677067374,
    "7": 0.4882735388070492,
    "8": 0.29354076344714125
  },
  "recombination_of_districts-9": {
    "1": 0.29049387749248645,
    "2": 0.309786994965822,
    "3": 0.15576798515737356,
    "4": 0.24085337678029278,
    "5": 0.5151803140449782,
    "6": 0.16913478556553843,
    "7": 0.18027346193475655,
    "8": 0.43521349010115223
  }
}